-- phpMyAdmin SQL Dump
-- version 4.0.10deb1
-- http://www.phpmyadmin.net
--
-- Host: localhost
-- Generation Time: Jul 20, 2015 at 11:04 AM
-- Server version: 5.5.43-0ubuntu0.14.04.1
-- PHP Version: 5.5.9-1ubuntu4.9

SET SQL_MODE = "NO_AUTO_VALUE_ON_ZERO";
SET time_zone = "+00:00";


/*!40101 SET @OLD_CHARACTER_SET_CLIENT=@@CHARACTER_SET_CLIENT */;
/*!40101 SET @OLD_CHARACTER_SET_RESULTS=@@CHARACTER_SET_RESULTS */;
/*!40101 SET @OLD_COLLATION_CONNECTION=@@COLLATION_CONNECTION */;
/*!40101 SET NAMES utf8 */;

--
-- Database: `ci_templateproject`
--

-- --------------------------------------------------------

--
-- Table structure for table `ci_sessions`
--

CREATE TABLE IF NOT EXISTS `ci_sessions` (
  `id` varchar(40) NOT NULL,
  `ip_address` varchar(45) NOT NULL,
  `timestamp` int(10) unsigned NOT NULL DEFAULT '0',
  `data` blob NOT NULL,
  PRIMARY KEY (`id`),
  KEY `ci_sessions_timestamp` (`timestamp`)
) ENGINE=InnoDB DEFAULT CHARSET=latin1;

--
-- Dumping data for table `ci_sessions`
--

INSERT INTO `ci_sessions` (`id`, `ip_address`, `timestamp`, `data`) VALUES
('0af3b7a76c74d13cbccc65cb28d1b794b0d0f0d6', '127.0.0.1', 1437322578, 0x5f5f63695f6c6173745f726567656e65726174657c693a313433373332323334393b757365725f69735f6c6f67696e7c623a313b757365725f69647c733a313a2231223b757365725f757365726e616d657c733a343a22726f6f74223b757365725f66756c6c6e616d657c733a31383a225261657373612046617468756c20416c696d223b757365725f656d61696c7c733a32363a2272616573736166617468756c616c696d40676d61696c2e636f6d223b757365725f706963747572657c733a393a226e6f7069632e706e67223b757365725f72756c65737c733a31313a2273757065725f61646d696e223b),
('1bc157e2ffeca5881c64284878dcacfd0bb52011', '127.0.0.1', 1437324102, 0x5f5f63695f6c6173745f726567656e65726174657c693a313433373332333833353b757365725f69735f6c6f67696e7c623a313b757365725f69647c733a313a2231223b757365725f757365726e616d657c733a343a22726f6f74223b757365725f66756c6c6e616d657c733a31383a225261657373612046617468756c20416c696d223b757365725f656d61696c7c733a32363a2272616573736166617468756c616c696d40676d61696c2e636f6d223b757365725f706963747572657c733a393a226e6f7069632e706e67223b757365725f72756c65737c733a31313a2273757065725f61646d696e223b),
('1cd5daf26554d5dab9f598f3cbd93a6deeb59898', '127.0.0.1', 1437187902, 0x5f5f63695f6c6173745f726567656e65726174657c693a313433373138373839393b757365725f69735f6c6f67696e7c623a313b757365725f69647c733a313a2231223b757365725f757365726e616d657c733a343a22726f6f74223b757365725f66756c6c6e616d657c733a31383a225261657373612046617468756c20416c696d223b757365725f656d61696c7c733a32363a2272616573736166617468756c616c696d40676d61696c2e636f6d223b757365725f706963747572657c733a393a226e6f7069632e706e67223b757365725f72756c65737c733a31313a2273757065725f61646d696e223b),
('1fd731981a4070343c49c7792e910e032204073c', '127.0.0.1', 1437260813, 0x5f5f63695f6c6173745f726567656e65726174657c693a313433373236303830323b757365725f69735f6c6f67696e7c623a313b757365725f69647c733a313a2232223b757365725f757365726e616d657c733a353a2261646d696e223b757365725f66756c6c6e616d657c733a31333a2241646d696e6973747261746f72223b757365725f656d61696c7c733a31353a2261646d696e406c6f63616c686f7374223b757365725f706963747572657c733a393a226e6f7069632e706e67223b757365725f72756c65737c733a353a2261646d696e223b6d6573736167655f746578747c733a32383a2253656c616d617420446174616e67204b656d62616c692061646d696e223b5f5f63695f766172737c613a313a7b733a31323a226d6573736167655f74657874223b733a333a226f6c64223b7d),
('3e98f07ea04081a5a6900be9f6df91218fde20fb', '127.0.0.1', 1437325941, 0x5f5f63695f6c6173745f726567656e65726174657c693a313433373332353933303b6d6573736167655f746578747c733a35333a22557365726e616d652064616e2050617373776f72642059616e6720416e6461204d6173756b616e20546964616b2053657375616921223b5f5f63695f766172737c613a313a7b733a31323a226d6573736167655f74657874223b733a333a226e6577223b7d),
('52df900ea29a956f343d03376c06c82ac6904d32', '127.0.0.1', 1437260065, 0x5f5f63695f6c6173745f726567656e65726174657c693a313433373236303030383b757365725f69735f6c6f67696e7c623a313b757365725f69647c733a313a2231223b757365725f757365726e616d657c733a343a22726f6f74223b757365725f66756c6c6e616d657c733a31383a225261657373612046617468756c20416c696d223b757365725f656d61696c7c733a32363a2272616573736166617468756c616c696d40676d61696c2e636f6d223b757365725f706963747572657c733a393a226e6f7069632e706e67223b757365725f72756c65737c733a31313a2273757065725f61646d696e223b),
('5c04ef580ec392b6d0e4053c352eca6bf2133ea0', '127.0.0.1', 1437187548, 0x5f5f63695f6c6173745f726567656e65726174657c693a313433373138373239313b757365725f69735f6c6f67696e7c623a313b757365725f69647c733a313a2231223b757365725f757365726e616d657c733a343a22726f6f74223b757365725f66756c6c6e616d657c733a31383a225261657373612046617468756c20416c696d223b757365725f656d61696c7c733a32363a2272616573736166617468756c616c696d40676d61696c2e636f6d223b757365725f706963747572657c733a393a226e6f7069632e706e67223b757365725f72756c65737c733a31313a2273757065725f61646d696e223b),
('5f3dff06ce1200801c2dfd2d6e051a020c6f4e29', '127.0.0.1', 1437323021, 0x5f5f63695f6c6173745f726567656e65726174657c693a313433373332323733383b757365725f69735f6c6f67696e7c623a313b757365725f69647c733a313a2231223b757365725f757365726e616d657c733a343a22726f6f74223b757365725f66756c6c6e616d657c733a31383a225261657373612046617468756c20416c696d223b757365725f656d61696c7c733a32363a2272616573736166617468756c616c696d40676d61696c2e636f6d223b757365725f706963747572657c733a393a226e6f7069632e706e67223b757365725f72756c65737c733a31313a2273757065725f61646d696e223b),
('68e15b48a0124caa041cece999d51745d4d5ae56', '127.0.0.1', 1437286108, 0x5f5f63695f6c6173745f726567656e65726174657c693a313433373238353836343b757365725f69735f6c6f67696e7c623a313b757365725f69647c733a313a2231223b757365725f757365726e616d657c733a343a22726f6f74223b757365725f66756c6c6e616d657c733a31383a225261657373612046617468756c20416c696d223b757365725f656d61696c7c733a32363a2272616573736166617468756c616c696d40676d61696c2e636f6d223b757365725f706963747572657c733a393a226e6f7069632e706e67223b757365725f72756c65737c733a31313a2273757065725f61646d696e223b),
('7022ac3bc6a1e28aba372630a07e3bf32e1af86f', '127.0.0.1', 1437325670, 0x5f5f63695f6c6173745f726567656e65726174657c693a313433373332353531383b6d6573736167655f746578747c733a35333a22557365726e616d652064616e2050617373776f72642059616e6720416e6461204d6173756b616e20546964616b2053657375616921223b5f5f63695f766172737c613a313a7b733a31323a226d6573736167655f74657874223b733a333a226e6577223b7d),
('7e0021788564155d3069093055bd64e372b038a9', '127.0.0.1', 1437323294, 0x5f5f63695f6c6173745f726567656e65726174657c693a313433373332333035323b757365725f69735f6c6f67696e7c623a313b757365725f69647c733a313a2231223b757365725f757365726e616d657c733a343a22726f6f74223b757365725f66756c6c6e616d657c733a31383a225261657373612046617468756c20416c696d223b757365725f656d61696c7c733a32363a2272616573736166617468756c616c696d40676d61696c2e636f6d223b757365725f706963747572657c733a393a226e6f7069632e706e67223b757365725f72756c65737c733a31313a2273757065725f61646d696e223b),
('8343bd9959b3389094d96d4867811d74d632d010', '127.0.0.1', 1437324731, 0x5f5f63695f6c6173745f726567656e65726174657c693a313433373332343634323b757365725f69735f6c6f67696e7c623a313b757365725f69647c733a313a2231223b757365725f757365726e616d657c733a343a22726f6f74223b757365725f66756c6c6e616d657c733a31383a225261657373612046617468756c20416c696d223b757365725f656d61696c7c733a32363a2272616573736166617468756c616c696d40676d61696c2e636f6d223b757365725f706963747572657c733a393a226e6f7069632e706e67223b757365725f72756c65737c733a31313a2273757065725f61646d696e223b),
('87e2277a8a2790633b98a1e989afd0cbaf93ab47', '127.0.0.1', 1437321903, 0x5f5f63695f6c6173745f726567656e65726174657c693a313433373332313639313b757365725f69735f6c6f67696e7c623a313b757365725f69647c733a313a2231223b757365725f757365726e616d657c733a343a22726f6f74223b757365725f66756c6c6e616d657c733a31383a225261657373612046617468756c20416c696d223b757365725f656d61696c7c733a32363a2272616573736166617468756c616c696d40676d61696c2e636f6d223b757365725f706963747572657c733a393a226e6f7069632e706e67223b757365725f72756c65737c733a31313a2273757065725f61646d696e223b),
('8c3eb2c2dc97a45ac57db1f4e835febcf04a5b3c', '127.0.0.1', 1437285624, 0x5f5f63695f6c6173745f726567656e65726174657c693a313433373238353335333b757365725f69735f6c6f67696e7c623a313b757365725f69647c733a313a2231223b757365725f757365726e616d657c733a343a22726f6f74223b757365725f66756c6c6e616d657c733a31383a225261657373612046617468756c20416c696d223b757365725f656d61696c7c733a32363a2272616573736166617468756c616c696d40676d61696c2e636f6d223b757365725f706963747572657c733a393a226e6f7069632e706e67223b757365725f72756c65737c733a31313a2273757065725f61646d696e223b),
('ac9f9a85ca64190a8df0fde19b72e0e05f66bb86', '127.0.0.1', 1437324953, 0x5f5f63695f6c6173745f726567656e65726174657c693a313433373332343935323b757365725f69735f6c6f67696e7c623a313b757365725f69647c733a313a2231223b757365725f757365726e616d657c733a343a22726f6f74223b757365725f66756c6c6e616d657c733a31383a225261657373612046617468756c20416c696d223b757365725f656d61696c7c733a32363a2272616573736166617468756c616c696d40676d61696c2e636f6d223b757365725f706963747572657c733a393a226e6f7069632e706e67223b757365725f72756c65737c733a31313a2273757065725f61646d696e223b),
('af5998d1e99447f2f0555714e2b18acd725d27d7', '127.0.0.1', 1437261674, 0x5f5f63695f6c6173745f726567656e65726174657c693a313433373236313632323b757365725f69735f6c6f67696e7c623a313b757365725f69647c733a313a2231223b757365725f757365726e616d657c733a343a22726f6f74223b757365725f66756c6c6e616d657c733a31383a225261657373612046617468756c20416c696d223b757365725f656d61696c7c733a32363a2272616573736166617468756c616c696d40676d61696c2e636f6d223b757365725f706963747572657c733a393a226e6f7069632e706e67223b757365725f72756c65737c733a31313a2273757065725f61646d696e223b),
('b10291a139173dbec3775033882f11ef6639b2c9', '127.0.0.1', 1437361427, 0x5f5f63695f6c6173745f726567656e65726174657c693a313433373336313432373b6d6573736167655f746578747c733a34353a22416e6461204861727573204c6f67696e20556e74756b20416b7365732048616c616d616e205465727365627574223b5f5f63695f766172737c613a313a7b733a31323a226d6573736167655f74657874223b733a333a226e6577223b7d),
('c2f4644d1dd96709c167549718e36b3709e6aa8c', '127.0.0.1', 1437322314, 0x5f5f63695f6c6173745f726567656e65726174657c693a313433373332323031353b757365725f69735f6c6f67696e7c623a313b757365725f69647c733a313a2231223b757365725f757365726e616d657c733a343a22726f6f74223b757365725f66756c6c6e616d657c733a31383a225261657373612046617468756c20416c696d223b757365725f656d61696c7c733a32363a2272616573736166617468756c616c696d40676d61696c2e636f6d223b757365725f706963747572657c733a393a226e6f7069632e706e67223b757365725f72756c65737c733a31313a2273757065725f61646d696e223b),
('c4d50d454bf3b4515b5b9c645982d89826ecd3c6', '127.0.0.1', 1437326592, 0x5f5f63695f6c6173745f726567656e65726174657c693a313433373332363535393b757365725f69735f6c6f67696e7c623a313b757365725f69647c733a313a2231223b757365725f757365726e616d657c733a343a22726f6f74223b757365725f66756c6c6e616d657c733a31383a225261657373612046617468756c20416c696d223b757365725f656d61696c7c733a32363a2272616573736166617468756c616c696d40676d61696c2e636f6d223b757365725f706963747572657c733a393a226e6f7069632e706e67223b757365725f72756c65737c733a31313a2273757065725f61646d696e223b),
('d08b439f118fb91c91a14cc4acea2158ad4b7aba', '127.0.0.1', 1437321576, 0x5f5f63695f6c6173745f726567656e65726174657c693a313433373332313338393b757365725f69735f6c6f67696e7c623a313b757365725f69647c733a313a2231223b757365725f757365726e616d657c733a343a22726f6f74223b757365725f66756c6c6e616d657c733a31383a225261657373612046617468756c20416c696d223b757365725f656d61696c7c733a32363a2272616573736166617468756c616c696d40676d61696c2e636f6d223b757365725f706963747572657c733a393a226e6f7069632e706e67223b757365725f72756c65737c733a31313a2273757065725f61646d696e223b),
('e00d39a8dd69f960befa114091c84f8be4acd778', '127.0.0.1', 1437321104, 0x5f5f63695f6c6173745f726567656e65726174657c693a313433373332303933333b757365725f69735f6c6f67696e7c623a313b757365725f69647c733a313a2231223b757365725f757365726e616d657c733a343a22726f6f74223b757365725f66756c6c6e616d657c733a31383a225261657373612046617468756c20416c696d223b757365725f656d61696c7c733a32363a2272616573736166617468756c616c696d40676d61696c2e636f6d223b757365725f706963747572657c733a393a226e6f7069632e706e67223b757365725f72756c65737c733a31313a2273757065725f61646d696e223b),
('e4cbbe63db1732710e82715e31e6c7c1624490d0', '127.0.0.1', 1437320948, 0x5f5f63695f6c6173745f726567656e65726174657c693a313433373332303934383b),
('ff23ab05d85e4a229037aaf738ab56103ffb05a4', '127.0.0.1', 1437361427, 0x5f5f63695f6c6173745f726567656e65726174657c693a313433373336313432373b);

-- --------------------------------------------------------

--
-- Table structure for table `kota`
--

CREATE TABLE IF NOT EXISTS `kota` (
  `kotaID` int(11) NOT NULL AUTO_INCREMENT,
  `status` varchar(10) COLLATE utf8_unicode_ci NOT NULL,
  `provinsiID` int(11) DEFAULT NULL,
  `nama_kota` varchar(255) COLLATE utf8_unicode_ci NOT NULL,
  `createdby` int(11) DEFAULT NULL,
  `createdtime` datetime DEFAULT NULL,
  `changedby` int(11) DEFAULT NULL,
  `changedtime` datetime DEFAULT NULL,
  PRIMARY KEY (`kotaID`),
  KEY `FK-Kota_provinsiID-to-Provinsi_id` (`provinsiID`)
) ENGINE=InnoDB  DEFAULT CHARSET=utf8 COLLATE=utf8_unicode_ci AUTO_INCREMENT=465 ;

--
-- Dumping data for table `kota`
--

INSERT INTO `kota` (`kotaID`, `status`, `provinsiID`, `nama_kota`, `createdby`, `createdtime`, `changedby`, `changedtime`) VALUES
(1, 'Active', 1, 'KAB. ACEH SELATAN', NULL, NULL, NULL, NULL),
(2, 'Active', 1, 'KAB. ACEH TENGGARA', NULL, NULL, NULL, NULL),
(3, 'Active', 1, 'KAB. ACEH TIMUR', NULL, NULL, NULL, NULL),
(4, 'Active', 1, 'KAB. ACEH TENGAH', NULL, NULL, NULL, NULL),
(5, 'Active', 1, 'KAB. ACEH BARAT', NULL, NULL, NULL, NULL),
(6, 'Active', 1, 'KAB. ACEH BESAR', NULL, NULL, NULL, NULL),
(7, 'Active', 1, 'KAB. PIDIE', NULL, NULL, NULL, NULL),
(8, 'Active', 1, 'KAB. ACEH UTARA', NULL, NULL, NULL, NULL),
(9, 'Active', 1, 'KAB. SIMEULUE', NULL, NULL, NULL, NULL),
(10, 'Active', 1, 'KAB. ACEH SINGKIL', NULL, NULL, NULL, NULL),
(11, 'Active', 1, 'KAB. BIREUEN', NULL, NULL, NULL, NULL),
(12, 'Active', 1, 'KAB. ACEH BARAT DAYA', NULL, NULL, NULL, NULL),
(13, 'Active', 1, 'KAB. GAYO LUES', NULL, NULL, NULL, NULL),
(14, 'Active', 1, 'KAB. ACEH JAYA', NULL, NULL, NULL, NULL),
(15, 'Active', 1, 'KAB. NAGAN RAYA', NULL, NULL, NULL, NULL),
(16, 'Active', 1, 'KAB. ACEH TAMIANG', NULL, NULL, NULL, NULL),
(17, 'Active', 1, 'KAB. BENER MERIAH', NULL, NULL, NULL, NULL),
(18, 'Active', 1, 'KAB. PIDIE JAYA', NULL, NULL, NULL, NULL),
(19, 'Active', 1, 'KOTA BANDA ACEH', NULL, NULL, NULL, NULL),
(20, 'Active', 1, 'KOTA SABANG', NULL, NULL, NULL, NULL),
(21, 'Active', 1, 'KOTA LHOKSEUMAWE', NULL, NULL, NULL, NULL),
(22, 'Active', 1, 'KOTA LANGSA', NULL, NULL, NULL, NULL),
(23, 'Active', 1, 'KOTA SUBULUSSALAM', NULL, NULL, NULL, NULL),
(24, 'Active', 2, 'KAB. TAPANULI TENGAH', NULL, NULL, NULL, NULL),
(25, 'Active', 2, 'KAB. TAPANULI UTARA', NULL, NULL, NULL, NULL),
(26, 'Active', 2, 'KAB. TAPANULI SELATAN', NULL, NULL, NULL, NULL),
(27, 'Active', 2, 'KAB. NIAS', NULL, NULL, NULL, NULL),
(28, 'Active', 2, 'KAB. LANGKAT', NULL, NULL, NULL, NULL),
(29, 'Active', 2, 'KAB. KARO', NULL, NULL, NULL, NULL),
(30, 'Active', 2, 'KAB. DELI SERDANG', NULL, NULL, NULL, NULL),
(31, 'Active', 2, 'KAB. SIMALUNGUN', NULL, NULL, NULL, NULL),
(32, 'Active', 2, 'KAB. ASAHAN', NULL, NULL, NULL, NULL),
(33, 'Active', 2, 'KAB. LABUHAN BATU', NULL, NULL, NULL, NULL),
(34, 'Active', 2, 'KAB. DAIRI', NULL, NULL, NULL, NULL),
(35, 'Active', 2, 'KAB. TOBA SAMOSIR', NULL, NULL, NULL, NULL),
(36, 'Active', 2, 'KAB. MANDAILING NATAL', NULL, NULL, NULL, NULL),
(37, 'Active', 2, 'KAB. NIAS SELATAN', NULL, NULL, NULL, NULL),
(38, 'Active', 2, 'KAB. PAKPAK BHARAT', NULL, NULL, NULL, NULL),
(39, 'Active', 2, 'KAB. HUMBANG HASUNDUTAN', NULL, NULL, NULL, NULL),
(40, 'Active', 2, 'KAB. SAMOSIR', NULL, NULL, NULL, NULL),
(41, 'Active', 2, 'KAB. SERDANG BEDAGAI', NULL, NULL, NULL, NULL),
(42, 'Active', 2, 'KAB. BATU BARA', NULL, NULL, NULL, NULL),
(43, 'Active', 2, 'KAB. PADANG LAWAS UTARA', NULL, NULL, NULL, NULL),
(44, 'Active', 2, 'KAB. PADANG LAWAS', NULL, NULL, NULL, NULL),
(45, 'Active', 2, 'KOTA MEDAN', NULL, NULL, NULL, NULL),
(46, 'Active', 2, 'KOTA PEMATANG SIANTAR', NULL, NULL, NULL, NULL),
(47, 'Active', 2, 'KOTA SIBOLGA', NULL, NULL, NULL, NULL),
(48, 'Active', 2, 'KOTA TANJUNG BALAI', NULL, NULL, NULL, NULL),
(49, 'Active', 2, 'KOTA BINJAI', NULL, NULL, NULL, NULL),
(50, 'Active', 2, 'KOTA TEBING TINGGI', NULL, NULL, NULL, NULL),
(51, 'Active', 2, 'KOTA PADANG SIDEMPUAN', NULL, NULL, NULL, NULL),
(52, 'Active', 3, 'KAB. OGAN KOMERING ULU', NULL, NULL, NULL, NULL),
(53, 'Active', 3, 'KAB. OGAN KOMERING ILIR', NULL, NULL, NULL, NULL),
(54, 'Active', 3, 'KAB. MUARA ENIM', NULL, NULL, NULL, NULL),
(55, 'Active', 3, 'KAB. LAHAT', NULL, NULL, NULL, NULL),
(56, 'Active', 3, 'KAB. MUSI RAWAS', NULL, NULL, NULL, NULL),
(57, 'Active', 3, 'KAB. MUSI BANYUASIN', NULL, NULL, NULL, NULL),
(58, 'Active', 3, 'KAB. BANYUASIN', NULL, NULL, NULL, NULL),
(59, 'Active', 3, 'KAB. OKU TIMUR', NULL, NULL, NULL, NULL),
(60, 'Active', 3, 'KAB. OKU SELATAN', NULL, NULL, NULL, NULL),
(61, 'Active', 3, 'KAB. OGAN ILIR', NULL, NULL, NULL, NULL),
(62, 'Active', 3, 'KAB. EMPAT LAWANG', NULL, NULL, NULL, NULL),
(63, 'Active', 3, 'KOTA PALEMBANG', NULL, NULL, NULL, NULL),
(64, 'Active', 3, 'KOTA PAGAR ALAM', NULL, NULL, NULL, NULL),
(65, 'Active', 3, 'KOTA LUBUK LINGGAU', NULL, NULL, NULL, NULL),
(66, 'Active', 3, 'KOTA PRABUMULIH', NULL, NULL, NULL, NULL),
(67, 'Active', 4, 'KAB. PESISIR SELATAN', NULL, NULL, NULL, NULL),
(68, 'Active', 4, 'KAB. SOLOK', NULL, NULL, NULL, NULL),
(69, 'Active', 4, 'KAB. SW.LUNTO/SIJUNJUNG', NULL, NULL, NULL, NULL),
(70, 'Active', 4, 'KAB. TANAH DATAR', NULL, NULL, NULL, NULL),
(71, 'Active', 4, 'KAB. PADANG PARIAMAN', NULL, NULL, NULL, NULL),
(72, 'Active', 4, 'KAB. AGAM', NULL, NULL, NULL, NULL),
(73, 'Active', 4, 'KAB. LIMA PULUH KOTA', NULL, NULL, NULL, NULL),
(74, 'Active', 4, 'KAB. PASAMAN', NULL, NULL, NULL, NULL),
(75, 'Active', 4, 'KAB. KEPULAUAN MENTAWAI', NULL, NULL, NULL, NULL),
(76, 'Active', 4, 'KAB. DHARMASRAYA', NULL, NULL, NULL, NULL),
(77, 'Active', 4, 'KAB. SOLOK SELATAN', NULL, NULL, NULL, NULL),
(78, 'Active', 4, 'KAB. PASAMAN BARAT', NULL, NULL, NULL, NULL),
(79, 'Active', 4, 'KOTA PADANG', NULL, NULL, NULL, NULL),
(80, 'Active', 4, 'KOTA SOLOK', NULL, NULL, NULL, NULL),
(81, 'Active', 4, 'KOTA SAWAHLUNTO', NULL, NULL, NULL, NULL),
(82, 'Active', 4, 'KOTA PADANG PANJANG', NULL, NULL, NULL, NULL),
(83, 'Active', 4, 'KOTA BUKITTINGGI', NULL, NULL, NULL, NULL),
(84, 'Active', 4, 'KOTA PAYAKUMBUH', NULL, NULL, NULL, NULL),
(85, 'Active', 4, 'KOTA PARIAMAN', NULL, NULL, NULL, NULL),
(86, 'Active', 5, 'KAB. BENGKULU SELATAN', NULL, NULL, NULL, NULL),
(87, 'Active', 5, 'KAB. REJANG LEBONG', NULL, NULL, NULL, NULL),
(88, 'Active', 5, 'KAB. BENGKULU UTARA', NULL, NULL, NULL, NULL),
(89, 'Active', 5, 'KAB. KAUR', NULL, NULL, NULL, NULL),
(90, 'Active', 5, 'KAB. SELUMA', NULL, NULL, NULL, NULL),
(91, 'Active', 5, 'KAB. MUKO MUKO', NULL, NULL, NULL, NULL),
(92, 'Active', 5, 'KAB. LEBONG', NULL, NULL, NULL, NULL),
(93, 'Active', 5, 'KAB. KEPAHIANG', NULL, NULL, NULL, NULL),
(94, 'Active', 5, 'KOTA BENGKULU', NULL, NULL, NULL, NULL),
(95, 'Active', 6, 'KAB. KERINCI', NULL, NULL, NULL, NULL),
(96, 'Active', 6, 'KAB. MERANGIN', NULL, NULL, NULL, NULL),
(97, 'Active', 6, 'KAB. SAROLANGUN', NULL, NULL, NULL, NULL),
(98, 'Active', 6, 'KAB. BATANGHARI', NULL, NULL, NULL, NULL),
(99, 'Active', 6, 'KAB. MUARO JAMBI', NULL, NULL, NULL, NULL),
(100, 'Active', 6, 'KAB TANJUNG JABUNG BARAT', NULL, NULL, NULL, NULL),
(101, 'Active', 6, 'KAB TANJUNG JABUNG TIMUR', NULL, NULL, NULL, NULL),
(102, 'Active', 6, 'KAB. BUNGO', NULL, NULL, NULL, NULL),
(103, 'Active', 6, 'KAB. TEBO', NULL, NULL, NULL, NULL),
(104, 'Active', 6, 'KOTA JAMBI', NULL, NULL, NULL, NULL),
(105, 'Active', 7, 'KAB. KAMPAR', NULL, NULL, NULL, NULL),
(106, 'Active', 7, 'KAB. INDRAGIRI HULU', NULL, NULL, NULL, NULL),
(107, 'Active', 7, 'KAB. BENGKALIS', NULL, NULL, NULL, NULL),
(108, 'Active', 7, 'KAB. INDRAGIRI HILIR', NULL, NULL, NULL, NULL),
(109, 'Active', 7, 'KAB. PELALAWAN', NULL, NULL, NULL, NULL),
(110, 'Active', 7, 'KAB. ROKAN HULU', NULL, NULL, NULL, NULL),
(111, 'Active', 7, 'KAB. ROKAN HILIR', NULL, NULL, NULL, NULL),
(112, 'Active', 7, 'KAB. SIAK', NULL, NULL, NULL, NULL),
(113, 'Active', 7, 'KAB. KUANTAN SINGINGI', NULL, NULL, NULL, NULL),
(114, 'Active', 7, 'KOTA PEKANBARU', NULL, NULL, NULL, NULL),
(115, 'Active', 8, 'KAB. LAMPUNG SELATAN', NULL, NULL, NULL, NULL),
(116, 'Active', 8, 'KAB. LAMPUNG TENGAH', NULL, NULL, NULL, NULL),
(117, 'Active', 8, 'KAB. LAMPUNG UTARA', NULL, NULL, NULL, NULL),
(118, 'Active', 8, 'KAB. LAMPUNG BARAT', NULL, NULL, NULL, NULL),
(119, 'Active', 8, 'KAB. TULANG BAWANG', NULL, NULL, NULL, NULL),
(120, 'Active', 8, 'KAB. TANGGAMUS', NULL, NULL, NULL, NULL),
(121, 'Active', 8, 'KAB. LAMPUNG TIMUR', NULL, NULL, NULL, NULL),
(122, 'Active', 8, 'KAB. WAY KANAN', NULL, NULL, NULL, NULL),
(123, 'Active', 8, 'KAB. PESAWARAN', NULL, NULL, NULL, NULL),
(124, 'Active', 8, 'KOTA BANDAR LAMPUNG', NULL, NULL, NULL, NULL),
(125, 'Active', 8, 'KOTA METRO', NULL, NULL, NULL, NULL),
(126, 'Active', 9, 'KAB. BANGKA', NULL, NULL, NULL, NULL),
(127, 'Active', 9, 'KAB. BELITUNG', NULL, NULL, NULL, NULL),
(128, 'Active', 9, 'KAB. BANGKA SELATAN', NULL, NULL, NULL, NULL),
(129, 'Active', 9, 'KAB. BANGKA TENGAH', NULL, NULL, NULL, NULL),
(130, 'Active', 9, 'KAB. BANGKA BARAT', NULL, NULL, NULL, NULL),
(131, 'Active', 9, 'KAB. BELITUNG TIMUR', NULL, NULL, NULL, NULL),
(132, 'Active', 9, 'KOTA PANGKAL PINANG', NULL, NULL, NULL, NULL),
(133, 'Active', 10, 'KAB. BINTAN', NULL, NULL, NULL, NULL),
(134, 'Active', 10, 'KAB. KARIMUN', NULL, NULL, NULL, NULL),
(135, 'Active', 10, 'KAB. NATUNA', NULL, NULL, NULL, NULL),
(136, 'Active', 10, 'KAB. LINGGA', NULL, NULL, NULL, NULL),
(137, 'Active', 10, 'KOTA BATAM', NULL, NULL, NULL, NULL),
(138, 'Active', 10, 'KOTA TANJUNG PINANG', NULL, NULL, NULL, NULL),
(139, 'Active', 11, 'KAB. ADM. KEP. SERIBU', NULL, NULL, NULL, NULL),
(140, 'Active', 11, 'KODYA JAKARTA PUSAT', NULL, NULL, NULL, NULL),
(141, 'Active', 11, 'KODYA JAKARTA UTARA', NULL, NULL, NULL, NULL),
(142, 'Active', 11, 'KODYA JAKARTA BARAT', NULL, NULL, NULL, NULL),
(143, 'Active', 11, 'KODYA JAKARTA SELATAN', NULL, NULL, NULL, NULL),
(144, 'Active', 11, 'KODYA JAKARTA TIMUR', NULL, NULL, NULL, NULL),
(145, 'Active', 12, 'KAB. BOGOR', NULL, NULL, NULL, NULL),
(146, 'Active', 12, 'KAB. SUKABUMI', NULL, NULL, NULL, NULL),
(147, 'Active', 12, 'KAB. CIANJUR', NULL, NULL, NULL, NULL),
(148, 'Active', 12, 'KAB. BANDUNG', NULL, NULL, NULL, NULL),
(149, 'Active', 12, 'KAB. GARUT', NULL, NULL, NULL, NULL),
(150, 'Active', 12, 'KAB. TASIKMALAYA', NULL, NULL, NULL, NULL),
(151, 'Active', 12, 'KAB. CIAMIS', NULL, NULL, NULL, NULL),
(152, 'Active', 12, 'KAB. KUNINGAN', NULL, NULL, NULL, NULL),
(153, 'Active', 12, 'KAB. CIREBON', NULL, NULL, NULL, NULL),
(154, 'Active', 12, 'KAB. MAJALENGKA', NULL, NULL, NULL, NULL),
(155, 'Active', 12, 'KAB. SUMEDANG', NULL, NULL, NULL, NULL),
(156, 'Active', 12, 'KAB. INDRAMAYU', NULL, NULL, NULL, NULL),
(157, 'Active', 12, 'KAB. SUBANG', NULL, NULL, NULL, NULL),
(158, 'Active', 12, 'KAB. PURWAKARTA', NULL, NULL, NULL, NULL),
(159, 'Active', 12, 'KAB. KARAWANG', NULL, NULL, NULL, NULL),
(160, 'Active', 12, 'KAB. BEKASI', NULL, NULL, NULL, NULL),
(161, 'Active', 12, 'KAB. BANDUNG BARAT', NULL, NULL, NULL, NULL),
(162, 'Active', 12, 'KOTA BOGOR', NULL, NULL, NULL, NULL),
(163, 'Active', 12, 'KOTA SUKABUMI', NULL, NULL, NULL, NULL),
(164, 'Active', 12, 'KOTA BANDUNG', NULL, NULL, NULL, NULL),
(165, 'Active', 12, 'KOTA CIREBON', NULL, NULL, NULL, NULL),
(166, 'Active', 12, 'KOTA BEKASI', NULL, NULL, NULL, NULL),
(167, 'Active', 12, 'KOTA CIMAHI', NULL, NULL, NULL, NULL),
(168, 'Active', 12, 'KOTA TASIKMALAYA', NULL, NULL, NULL, NULL),
(169, 'Active', 12, 'KOTA BANJAR', NULL, NULL, NULL, NULL),
(170, 'Active', 13, 'KAB. CILACAP', NULL, NULL, NULL, NULL),
(171, 'Active', 13, 'KAB. BANYUMAS', NULL, NULL, NULL, NULL),
(172, 'Active', 13, 'KAB. PURBALINGGA', NULL, NULL, NULL, NULL),
(173, 'Active', 13, 'KAB. BANJARNEGARA', NULL, NULL, NULL, NULL),
(174, 'Active', 13, 'KAB. KEBUMEN', NULL, NULL, NULL, NULL),
(175, 'Active', 13, 'KAB. PURWOREJO', NULL, NULL, NULL, NULL),
(176, 'Active', 13, 'KAB. WONOSOBO', NULL, NULL, NULL, NULL),
(177, 'Active', 13, 'KAB. MAGELANG', NULL, NULL, NULL, NULL),
(178, 'Active', 13, 'KAB. BOYOLALI', NULL, NULL, NULL, NULL),
(179, 'Active', 13, 'KAB. KLATEN', NULL, NULL, NULL, NULL),
(180, 'Active', 13, 'KAB. SUKOHARJO', NULL, NULL, NULL, NULL),
(181, 'Active', 13, 'KAB. WONOGIRI', NULL, NULL, NULL, NULL),
(182, 'Active', 13, 'KAB. KARANGANYAR', NULL, NULL, NULL, NULL),
(183, 'Active', 13, 'KAB. SRAGEN', NULL, NULL, NULL, NULL),
(184, 'Active', 13, 'KAB. GROBOGAN', NULL, NULL, NULL, NULL),
(185, 'Active', 13, 'KAB. BLORA', NULL, NULL, NULL, NULL),
(186, 'Active', 13, 'KAB. REMBANG', NULL, NULL, NULL, NULL),
(187, 'Active', 13, 'KAB. PATI', NULL, NULL, NULL, NULL),
(188, 'Active', 13, 'KAB. KUDUS', NULL, NULL, NULL, NULL),
(189, 'Active', 13, 'KAB. JEPARA', NULL, NULL, NULL, NULL),
(190, 'Active', 13, 'KAB. DEMAK', NULL, NULL, NULL, NULL),
(191, 'Active', 13, 'KAB. SEMARANG', NULL, NULL, NULL, NULL),
(192, 'Active', 13, 'KAB. TEMANGGUNG', NULL, NULL, NULL, NULL),
(193, 'Active', 13, 'KAB. KENDAL', NULL, NULL, NULL, NULL),
(194, 'Active', 13, 'KAB. BATANG', NULL, NULL, NULL, NULL),
(195, 'Active', 13, 'KAB. PEKALONGAN', NULL, NULL, NULL, NULL),
(196, 'Active', 13, 'KAB. PEMALANG', NULL, NULL, NULL, NULL),
(197, 'Active', 13, 'KAB. TEGAL', NULL, NULL, NULL, NULL),
(198, 'Active', 13, 'KAB. BREBES', NULL, NULL, NULL, NULL),
(199, 'Active', 13, 'KOTA MAGELANG', NULL, NULL, NULL, NULL),
(200, 'Active', 13, 'KOTA SURAKARTA', NULL, NULL, NULL, NULL),
(201, 'Active', 13, 'KOTA SALATIGA', NULL, NULL, NULL, NULL),
(202, 'Active', 13, 'KOTA SEMARANG', NULL, NULL, NULL, NULL),
(203, 'Active', 13, 'KOTA PEKALONGAN', NULL, NULL, NULL, NULL),
(204, 'Active', 13, 'KOTA TEGAL', NULL, NULL, NULL, NULL),
(205, 'Active', 14, 'KAB. KULON PROGO', NULL, NULL, NULL, NULL),
(206, 'Active', 14, 'KAB. BANTUL', NULL, NULL, NULL, NULL),
(207, 'Active', 14, 'KAB. GUNUNG KIDUL', NULL, NULL, NULL, NULL),
(208, 'Active', 14, 'KAB. SLEMAN', NULL, NULL, NULL, NULL),
(209, 'Active', 14, 'KOTA YOGYAKARTA', NULL, NULL, NULL, NULL),
(210, 'Active', 15, 'KAB. PACITAN', NULL, NULL, NULL, NULL),
(211, 'Active', 15, 'KAB. PONOROGO', NULL, NULL, NULL, NULL),
(212, 'Active', 15, 'KAB. TRENGGALEK', NULL, NULL, NULL, NULL),
(213, 'Active', 15, 'KAB. TULUNGAGUNG', NULL, NULL, NULL, NULL),
(214, 'Active', 15, 'KAB. BLITAR', NULL, NULL, NULL, NULL),
(215, 'Active', 15, 'KAB. KEDIRI', NULL, NULL, NULL, NULL),
(216, 'Active', 15, 'KAB. MALANG', NULL, NULL, NULL, NULL),
(217, 'Active', 15, 'KAB. LUMAJANG', NULL, NULL, NULL, NULL),
(218, 'Active', 15, 'KAB. JEMBER', NULL, NULL, NULL, NULL),
(219, 'Active', 15, 'KAB. BANYUWANGI', NULL, NULL, NULL, NULL),
(220, 'Active', 15, 'KAB. BONDOWOSO', NULL, NULL, NULL, NULL),
(221, 'Active', 15, 'KAB. SITUBONDO', NULL, NULL, NULL, NULL),
(222, 'Active', 15, 'KAB. PROBOLINGGO', NULL, NULL, NULL, NULL),
(223, 'Active', 15, 'KAB. PASURUAN', NULL, NULL, NULL, NULL),
(224, 'Active', 15, 'KAB. SIDOARJO', NULL, NULL, NULL, NULL),
(225, 'Active', 15, 'KAB. MOJOKERTO', NULL, NULL, NULL, NULL),
(226, 'Active', 15, 'KAB. JOMBANG', NULL, NULL, NULL, NULL),
(227, 'Active', 15, 'KAB. NGANJUK', NULL, NULL, NULL, NULL),
(228, 'Active', 15, 'KAB. MADIUN', NULL, NULL, NULL, NULL),
(229, 'Active', 15, 'KAB. MAGETAN', NULL, NULL, NULL, NULL),
(230, 'Active', 15, 'KAB. NGAWI', NULL, NULL, NULL, NULL),
(231, 'Active', 15, 'KAB. BOJONEGORO', NULL, NULL, NULL, NULL),
(232, 'Active', 15, 'KAB. TUBAN', NULL, NULL, NULL, NULL),
(233, 'Active', 15, 'KAB. LAMONGAN', NULL, NULL, NULL, NULL),
(234, 'Active', 15, 'KAB. GRESIK', NULL, NULL, NULL, NULL),
(235, 'Active', 15, 'KAB. BANGKALAN', NULL, NULL, NULL, NULL),
(236, 'Active', 15, 'KAB. SAMPANG', NULL, NULL, NULL, NULL),
(237, 'Active', 15, 'KAB. PAMEKASAN', NULL, NULL, NULL, NULL),
(238, 'Active', 15, 'KAB. SUMENEP', NULL, NULL, NULL, NULL),
(239, 'Active', 15, 'KOTA KEDIRI', NULL, NULL, NULL, NULL),
(240, 'Active', 15, 'KOTA BLITAR', NULL, NULL, NULL, NULL),
(241, 'Active', 15, 'KOTA MALANG', NULL, NULL, NULL, NULL),
(242, 'Active', 15, 'KOTA PROBOLINGGO', NULL, NULL, NULL, NULL),
(243, 'Active', 15, 'KOTA PASURUAN', NULL, NULL, NULL, NULL),
(244, 'Active', 15, 'KOTA MOJOKERTO', NULL, NULL, NULL, NULL),
(245, 'Active', 15, 'KOTA MADIUN', NULL, NULL, NULL, NULL),
(246, 'Active', 15, 'KOTA SURABAYA', NULL, NULL, NULL, NULL),
(247, 'Active', 15, 'KOTA BATU', NULL, NULL, NULL, NULL),
(248, 'Active', 16, 'KAB. PANDEGLANG', NULL, NULL, NULL, NULL),
(249, 'Active', 16, 'KAB. LEBAK', NULL, NULL, NULL, NULL),
(250, 'Active', 16, 'KAB. TANGERANG', NULL, NULL, NULL, NULL),
(251, 'Active', 16, 'KAB. SERANG', NULL, NULL, NULL, NULL),
(252, 'Active', 16, 'KOTA TANGERANG', NULL, NULL, NULL, NULL),
(253, 'Active', 16, 'KOTA CILEGON', NULL, NULL, NULL, NULL),
(254, 'Active', 16, 'KOTA SERANG', NULL, NULL, NULL, NULL),
(255, 'Active', 17, 'KAB. JEMBRANA', NULL, NULL, NULL, NULL),
(256, 'Active', 17, 'KAB. TABANAN', NULL, NULL, NULL, NULL),
(257, 'Active', 17, 'KAB. BADUNG', NULL, NULL, NULL, NULL),
(258, 'Active', 17, 'KAB. GIANYAR', NULL, NULL, NULL, NULL),
(259, 'Active', 17, 'KAB. KLUNGKUNG', NULL, NULL, NULL, NULL),
(260, 'Active', 17, 'KAB. BANGLI', NULL, NULL, NULL, NULL),
(261, 'Active', 17, 'KAB. KARANGASEM', NULL, NULL, NULL, NULL),
(262, 'Active', 17, 'KAB. BULELENG', NULL, NULL, NULL, NULL),
(263, 'Active', 17, 'KOTA DENPASAR', NULL, NULL, NULL, NULL),
(264, 'Active', 18, 'KAB. LOMBOK BARAT', NULL, NULL, NULL, NULL),
(265, 'Active', 18, 'KAB. LOMBOK TENGAH', NULL, NULL, NULL, NULL),
(266, 'Active', 18, 'KAB. LOMBOK TIMUR', NULL, NULL, NULL, NULL),
(267, 'Active', 18, 'KAB. SUMBAWA', NULL, NULL, NULL, NULL),
(268, 'Active', 18, 'KAB. DOMPU', NULL, NULL, NULL, NULL),
(269, 'Active', 18, 'KAB. BIMA', NULL, NULL, NULL, NULL),
(270, 'Active', 18, 'KAB. SUMBAWA BARAT', NULL, NULL, NULL, NULL),
(271, 'Active', 18, 'KOTA MATARAM', NULL, NULL, NULL, NULL),
(272, 'Active', 18, 'KOTA BIMA', NULL, NULL, NULL, NULL),
(273, 'Active', 19, 'KAB. KUPANG', NULL, NULL, NULL, NULL),
(274, 'Active', 19, 'KAB TIMOR TENGAH SELATAN', NULL, NULL, NULL, NULL),
(275, 'Active', 19, 'KAB. TIMOR TENGAH UTARA', NULL, NULL, NULL, NULL),
(276, 'Active', 19, 'KAB. BELU', NULL, NULL, NULL, NULL),
(277, 'Active', 19, 'KAB. ALOR', NULL, NULL, NULL, NULL),
(278, 'Active', 19, 'KAB. FLORES TIMUR', NULL, NULL, NULL, NULL),
(279, 'Active', 19, 'KAB. SIKKA', NULL, NULL, NULL, NULL),
(280, 'Active', 19, 'KAB. ENDE', NULL, NULL, NULL, NULL),
(281, 'Active', 19, 'KAB. NGADA', NULL, NULL, NULL, NULL),
(282, 'Active', 19, 'KAB. MANGGARAI', NULL, NULL, NULL, NULL),
(283, 'Active', 19, 'KAB. SUMBA TIMUR', NULL, NULL, NULL, NULL),
(284, 'Active', 19, 'KAB. SUMBA BARAT', NULL, NULL, NULL, NULL),
(285, 'Active', 19, 'KAB. LEMBATA', NULL, NULL, NULL, NULL),
(286, 'Active', 19, 'KAB. ROTE NDAO', NULL, NULL, NULL, NULL),
(287, 'Active', 19, 'KAB. MANGGARAI BARAT', NULL, NULL, NULL, NULL),
(288, 'Active', 19, 'KAB. NAGEKEO', NULL, NULL, NULL, NULL),
(289, 'Active', 19, 'KAB. SUMBA TENGAH', NULL, NULL, NULL, NULL),
(290, 'Active', 19, 'KAB. SUMBA BARAT DAYA', NULL, NULL, NULL, NULL),
(291, 'Active', 19, 'KAB. MANGGARAI TIMUR', NULL, NULL, NULL, NULL),
(292, 'Active', 19, 'KOTA KUPANG', NULL, NULL, NULL, NULL),
(293, 'Active', 20, 'KAB. SAMBAS', NULL, NULL, NULL, NULL),
(294, 'Active', 20, 'KAB. PONTIANAK', NULL, NULL, NULL, NULL),
(295, 'Active', 20, 'KAB. SANGGAU', NULL, NULL, NULL, NULL),
(296, 'Active', 20, 'KAB. KETAPANG', NULL, NULL, NULL, NULL),
(297, 'Active', 20, 'KAB. SINTANG', NULL, NULL, NULL, NULL),
(298, 'Active', 20, 'KAB. KAPUAS HULU', NULL, NULL, NULL, NULL),
(299, 'Active', 20, 'KAB. BENGKAYANG', NULL, NULL, NULL, NULL),
(300, 'Active', 20, 'KAB. LANDAK', NULL, NULL, NULL, NULL),
(301, 'Active', 20, 'KAB. SEKADAU', NULL, NULL, NULL, NULL),
(302, 'Active', 20, 'KAB. MELAWI', NULL, NULL, NULL, NULL),
(303, 'Active', 20, 'KAB. KAYONG UTARA', NULL, NULL, NULL, NULL),
(304, 'Active', 20, 'KAB. KUBU RAYA', NULL, NULL, NULL, NULL),
(305, 'Active', 20, 'KOTA PONTIANAK', NULL, NULL, NULL, NULL),
(306, 'Active', 20, 'KOTA SINGKAWANG', NULL, NULL, NULL, NULL),
(307, 'Active', 21, 'KAB. TANAH LAUT', NULL, NULL, NULL, NULL),
(308, 'Active', 21, 'KAB. KOTABARU', NULL, NULL, NULL, NULL),
(309, 'Active', 21, 'KAB. BANJAR', NULL, NULL, NULL, NULL),
(310, 'Active', 21, 'KAB. BARITO KUALA', NULL, NULL, NULL, NULL),
(311, 'Active', 21, 'KAB. TAPIN', NULL, NULL, NULL, NULL),
(312, 'Active', 21, 'KAB. HULU SUNGAI SELATAN', NULL, NULL, NULL, NULL),
(313, 'Active', 21, 'KAB. HULU SUNGAI TENGAH', NULL, NULL, NULL, NULL),
(314, 'Active', 21, 'KAB. HULU SUNGAI UTARA', NULL, NULL, NULL, NULL),
(315, 'Active', 21, 'KAB. TABALONG', NULL, NULL, NULL, NULL),
(316, 'Active', 21, 'KAB. TANAH BUMBU', NULL, NULL, NULL, NULL),
(317, 'Active', 21, 'KAB. BALANGAN', NULL, NULL, NULL, NULL),
(318, 'Active', 21, 'KOTA BANJARMASIN', NULL, NULL, NULL, NULL),
(319, 'Active', 21, 'KOTA BANJARBARU', NULL, NULL, NULL, NULL),
(320, 'Active', 22, 'KAB. KOTAWARINGIN BARAT', NULL, NULL, NULL, NULL),
(321, 'Active', 22, 'KAB. KOTAWARINGIN TIMUR', NULL, NULL, NULL, NULL),
(322, 'Active', 22, 'KAB. KAPUAS', NULL, NULL, NULL, NULL),
(323, 'Active', 22, 'KAB. BARITO SELATAN', NULL, NULL, NULL, NULL),
(324, 'Active', 22, 'KAB. BARITO UTARA', NULL, NULL, NULL, NULL),
(325, 'Active', 22, 'KAB. KATINGAN', NULL, NULL, NULL, NULL),
(326, 'Active', 22, 'KAB. SERUYAN', NULL, NULL, NULL, NULL),
(327, 'Active', 22, 'KAB. SUKAMARA', NULL, NULL, NULL, NULL),
(328, 'Active', 22, 'KAB. LAMANDAU', NULL, NULL, NULL, NULL),
(329, 'Active', 22, 'KAB. GUNUNG MAS', NULL, NULL, NULL, NULL),
(330, 'Active', 22, 'KAB. PULANG PISAU', NULL, NULL, NULL, NULL),
(331, 'Active', 22, 'KAB. MURUNG RAYA', NULL, NULL, NULL, NULL),
(332, 'Active', 22, 'KAB. BARITO TIMUR', NULL, NULL, NULL, NULL),
(333, 'Active', 22, 'KOTA PALANGKARAYA', NULL, NULL, NULL, NULL),
(334, 'Active', 23, 'KAB. PASER', NULL, NULL, NULL, NULL),
(335, 'Active', 23, 'KAB. KUTAI KERTANEGARA', NULL, NULL, NULL, NULL),
(336, 'Active', 23, 'KAB. BERAU', NULL, NULL, NULL, NULL),
(337, 'Active', 23, 'KAB. KUTAI BARAT', NULL, NULL, NULL, NULL),
(338, 'Active', 23, 'KAB. KUTAI TIMUR', NULL, NULL, NULL, NULL),
(339, 'Active', 23, 'KAB PENAJAM PASER UTARA', NULL, NULL, NULL, NULL),
(340, 'Active', 23, 'KOTA BALIKPAPAN', NULL, NULL, NULL, NULL),
(341, 'Active', 23, 'KOTA SAMARINDA', NULL, NULL, NULL, NULL),
(342, 'Active', 23, 'KOTA BONTANG', NULL, NULL, NULL, NULL),
(343, 'Active', 24, 'KAB. NUNUKAN', NULL, NULL, NULL, NULL),
(344, 'Active', 24, 'KAB. MALINAU', NULL, NULL, NULL, NULL),
(345, 'Active', 24, 'KAB TANA TIDUNG', NULL, NULL, NULL, NULL),
(346, 'Active', 24, 'KAB. BULUNGAN', NULL, NULL, NULL, NULL),
(347, 'Active', 24, 'KOTA TARAKAN', NULL, NULL, NULL, NULL),
(348, 'Active', 24, 'KOTA TANJUNG SELOR', NULL, NULL, NULL, NULL),
(349, 'Active', 25, 'KAB. MAMUJU UTARA', NULL, NULL, NULL, NULL),
(350, 'Active', 25, 'KAB. MAMUJU', NULL, NULL, NULL, NULL),
(351, 'Active', 25, 'KAB. MAMASA', NULL, NULL, NULL, NULL),
(352, 'Active', 25, 'KAB. POLEWALI MAMASA', NULL, NULL, NULL, NULL),
(353, 'Active', 25, 'KAB. MAJENE', NULL, NULL, NULL, NULL),
(354, 'Active', 26, 'KAB BOLAANG MONGONDOW', NULL, NULL, NULL, NULL),
(355, 'Active', 26, 'KAB. MINAHASA', NULL, NULL, NULL, NULL),
(356, 'Active', 26, 'KAB. KEPULAUAN SANGIHE', NULL, NULL, NULL, NULL),
(357, 'Active', 26, 'KAB. KEPULAUAN TALAUD', NULL, NULL, NULL, NULL),
(358, 'Active', 26, 'KAB. MINAHASA SELATAN', NULL, NULL, NULL, NULL),
(359, 'Active', 26, 'KAB. MINAHASA UTARA', NULL, NULL, NULL, NULL),
(360, 'Active', 26, 'KAB. MINAHASA TENGGARA', NULL, NULL, NULL, NULL),
(361, 'Active', 26, 'KAB. BOLMONG UTARA', NULL, NULL, NULL, NULL),
(362, 'Active', 26, 'KAB. KEP. SITARO', NULL, NULL, NULL, NULL),
(363, 'Active', 26, 'KOTA MANADO', NULL, NULL, NULL, NULL),
(364, 'Active', 26, 'KOTA BITUNG', NULL, NULL, NULL, NULL),
(365, 'Active', 26, 'KOTA TOMOHON', NULL, NULL, NULL, NULL),
(366, 'Active', 26, 'KOTA KOTAMOBAGU', NULL, NULL, NULL, NULL),
(367, 'Active', 27, 'KAB. BANGGAI', NULL, NULL, NULL, NULL),
(368, 'Active', 27, 'KAB. POSO', NULL, NULL, NULL, NULL),
(369, 'Active', 27, 'KAB. DONGGALA', NULL, NULL, NULL, NULL),
(370, 'Active', 27, 'KAB. TOLI TOLI', NULL, NULL, NULL, NULL),
(371, 'Active', 27, 'KAB. BUOL', NULL, NULL, NULL, NULL),
(372, 'Active', 27, 'KAB. MOROWALI', NULL, NULL, NULL, NULL),
(373, 'Active', 27, 'KAB BANGGAI KEPULAUAN', NULL, NULL, NULL, NULL),
(374, 'Active', 27, 'KAB. PARIGI MOUTONG', NULL, NULL, NULL, NULL),
(375, 'Active', 27, 'KAB. TOJO UNA UNA', NULL, NULL, NULL, NULL),
(376, 'Active', 27, 'KOTA PALU', NULL, NULL, NULL, NULL),
(377, 'Active', 28, 'KAB. SELAYAR', NULL, NULL, NULL, NULL),
(378, 'Active', 28, 'KAB. BULUKUMBA', NULL, NULL, NULL, NULL),
(379, 'Active', 28, 'KAB. BANTAENG', NULL, NULL, NULL, NULL),
(380, 'Active', 28, 'KAB. JENEPONTO', NULL, NULL, NULL, NULL),
(381, 'Active', 28, 'KAB. TAKALAR', NULL, NULL, NULL, NULL),
(382, 'Active', 28, 'KAB. GOWA', NULL, NULL, NULL, NULL),
(383, 'Active', 28, 'KAB. SINJAI', NULL, NULL, NULL, NULL),
(384, 'Active', 28, 'KAB. BONE', NULL, NULL, NULL, NULL),
(385, 'Active', 28, 'KAB. MAROS', NULL, NULL, NULL, NULL),
(386, 'Active', 28, 'KAB. PANGKAJENE KEP.', NULL, NULL, NULL, NULL),
(387, 'Active', 28, 'KAB. BARRU', NULL, NULL, NULL, NULL),
(388, 'Active', 28, 'KAB. SOPPENG', NULL, NULL, NULL, NULL),
(389, 'Active', 28, 'KAB. WAJO', NULL, NULL, NULL, NULL),
(390, 'Active', 28, 'KAB. SIDENRENG RAPANG', NULL, NULL, NULL, NULL),
(391, 'Active', 28, 'KAB. PINRANG', NULL, NULL, NULL, NULL),
(392, 'Active', 28, 'KAB. ENREKANG', NULL, NULL, NULL, NULL),
(393, 'Active', 28, 'KAB. LUWU', NULL, NULL, NULL, NULL),
(394, 'Active', 28, 'KAB. TANA TORAJA', NULL, NULL, NULL, NULL),
(395, 'Active', 28, 'KAB. LUWU UTARA', NULL, NULL, NULL, NULL),
(396, 'Active', 28, 'KAB. LUWU TIMUR', NULL, NULL, NULL, NULL),
(397, 'Active', 28, 'KOTA MAKASAR', NULL, NULL, NULL, NULL),
(398, 'Active', 28, 'KOTA PARE PARE', NULL, NULL, NULL, NULL),
(399, 'Active', 28, 'KOTA PALOPO', NULL, NULL, NULL, NULL),
(400, 'Active', 29, 'KAB. KOLAKA', NULL, NULL, NULL, NULL),
(401, 'Active', 29, 'KAB. KONAWE', NULL, NULL, NULL, NULL),
(402, 'Active', 29, 'KAB. MUNA', NULL, NULL, NULL, NULL),
(403, 'Active', 29, 'KAB. BUTON', NULL, NULL, NULL, NULL),
(404, 'Active', 29, 'KAB. KONAWE SELATAN', NULL, NULL, NULL, NULL),
(405, 'Active', 29, 'KAB. BOMBANA', NULL, NULL, NULL, NULL),
(406, 'Active', 29, 'KAB. WAKATOBI', NULL, NULL, NULL, NULL),
(407, 'Active', 29, 'KAB. KOLAKA UTARA', NULL, NULL, NULL, NULL),
(408, 'Active', 29, 'KAB. KONAWE UTARA', NULL, NULL, NULL, NULL),
(409, 'Active', 29, 'KAB. BUTON UTARA', NULL, NULL, NULL, NULL),
(410, 'Active', 29, 'KOTA KENDARI', NULL, NULL, NULL, NULL),
(411, 'Active', 29, 'KOTA BAU BAU', NULL, NULL, NULL, NULL),
(412, 'Active', 30, 'KAB. GORONTALO', NULL, NULL, NULL, NULL),
(413, 'Active', 30, 'KAB. BOALEMO', NULL, NULL, NULL, NULL),
(414, 'Active', 30, 'KAB. BONE BOLANGO', NULL, NULL, NULL, NULL),
(415, 'Active', 30, 'KAB. PAHUWATO', NULL, NULL, NULL, NULL),
(416, 'Active', 30, 'KAB. GORONTALO UTARA', NULL, NULL, NULL, NULL),
(417, 'Active', 30, 'KOTA GORONTALO', NULL, NULL, NULL, NULL),
(418, 'Active', 31, 'KAB. MALUKU TENGAH', NULL, NULL, NULL, NULL),
(419, 'Active', 31, 'KAB. MALUKU TENGGARA', NULL, NULL, NULL, NULL),
(420, 'Active', 31, 'KAB MALUKU TENGGARA BARAT', NULL, NULL, NULL, NULL),
(421, 'Active', 31, 'KAB. BURU', NULL, NULL, NULL, NULL),
(422, 'Active', 31, 'KAB. SERAM BAGIAN TIMUR', NULL, NULL, NULL, NULL),
(423, 'Active', 31, 'KAB. SERAM BAGIAN BARAT', NULL, NULL, NULL, NULL),
(424, 'Active', 31, 'KAB. KEPULAUAN ARU', NULL, NULL, NULL, NULL),
(425, 'Active', 31, 'KOTA AMBON', NULL, NULL, NULL, NULL),
(426, 'Active', 31, 'KOTA TUAL', NULL, NULL, NULL, NULL),
(427, 'Active', 32, 'KAB. HALMAHERA BARAT', NULL, NULL, NULL, NULL),
(428, 'Active', 32, 'KAB. HALMAHERA TENGAH', NULL, NULL, NULL, NULL),
(429, 'Active', 32, 'KAB. HALMAHERA UTARA', NULL, NULL, NULL, NULL),
(430, 'Active', 32, 'KAB. HALMAHERA SELATAN', NULL, NULL, NULL, NULL),
(431, 'Active', 32, 'KAB. KEPULAUAN SULA', NULL, NULL, NULL, NULL),
(432, 'Active', 32, 'KAB. HALMAHERA TIMUR', NULL, NULL, NULL, NULL),
(433, 'Active', 32, 'KOTA TERNATE', NULL, NULL, NULL, NULL),
(434, 'Active', 32, 'KOTA TIDORE KEPULAUAN', NULL, NULL, NULL, NULL),
(435, 'Active', 33, 'KAB. MERAUKE', NULL, NULL, NULL, NULL),
(436, 'Active', 33, 'KAB. JAYAWIJAYA', NULL, NULL, NULL, NULL),
(437, 'Active', 33, 'KAB. JAYAPURA', NULL, NULL, NULL, NULL),
(438, 'Active', 33, 'KAB. NABIRE', NULL, NULL, NULL, NULL),
(439, 'Active', 33, 'KAB. YAPEN WAROPEN', NULL, NULL, NULL, NULL),
(440, 'Active', 33, 'KAB. BIAK NUMFOR', NULL, NULL, NULL, NULL),
(441, 'Active', 33, 'KAB. PUNCAK JAYA', NULL, NULL, NULL, NULL),
(442, 'Active', 33, 'KAB. PANIAI', NULL, NULL, NULL, NULL),
(443, 'Active', 33, 'KAB. MIMIKA', NULL, NULL, NULL, NULL),
(444, 'Active', 33, 'KAB. SARMI', NULL, NULL, NULL, NULL),
(445, 'Active', 33, 'KAB. KEEROM', NULL, NULL, NULL, NULL),
(446, 'Active', 33, 'KAB PEGUNUNGAN BINTANG', NULL, NULL, NULL, NULL),
(447, 'Active', 33, 'KAB. YAHUKIMO', NULL, NULL, NULL, NULL),
(448, 'Active', 33, 'KAB. TOLIKARA', NULL, NULL, NULL, NULL),
(449, 'Active', 33, 'KAB. WAROPEN', NULL, NULL, NULL, NULL),
(450, 'Active', 33, 'KAB. BOVEN DIGOEL', NULL, NULL, NULL, NULL),
(451, 'Active', 33, 'KAB. MAPPI', NULL, NULL, NULL, NULL),
(452, 'Active', 33, 'KAB. ASMAT', NULL, NULL, NULL, NULL),
(453, 'Active', 33, 'KAB. SUPIORI', NULL, NULL, NULL, NULL),
(454, 'Active', 33, 'KAB. MAMBERAMO RAYA', NULL, NULL, NULL, NULL),
(455, 'Active', 33, 'KOTA JAYAPURA', NULL, NULL, NULL, NULL),
(456, 'Active', 34, 'KAB. SORONG', NULL, NULL, NULL, NULL),
(457, 'Active', 34, 'KAB. MANOKWARI', NULL, NULL, NULL, NULL),
(458, 'Active', 34, 'KAB. FAK FAK', NULL, NULL, NULL, NULL),
(459, 'Active', 34, 'KAB. SORONG SELATAN', NULL, NULL, NULL, NULL),
(460, 'Active', 34, 'KAB. RAJA AMPAT', NULL, NULL, NULL, NULL),
(461, 'Active', 34, 'KAB. TELUK BENTUNI', NULL, NULL, NULL, NULL),
(462, 'Active', 34, 'KAB. TELUK WONDAMA', NULL, NULL, NULL, NULL),
(463, 'Active', 34, 'KAB. KAIMANA', NULL, NULL, NULL, NULL),
(464, 'Active', 34, 'KOTA SORONG', NULL, NULL, NULL, NULL);

-- --------------------------------------------------------

--
-- Table structure for table `menu`
--

CREATE TABLE IF NOT EXISTS `menu` (
  `id` int(11) NOT NULL AUTO_INCREMENT,
  `posisi` int(11) NOT NULL,
  `nama_menu` varchar(100) NOT NULL,
  `icon` varchar(40) DEFAULT NULL,
  `link` varchar(100) NOT NULL,
  `parent` int(11) DEFAULT '0',
  `rules` enum('super_admin','admin','registered_user') NOT NULL DEFAULT 'super_admin',
  `aktif` enum('ya','tidak') NOT NULL DEFAULT 'ya',
  PRIMARY KEY (`id`),
  KEY `menu_id` (`id`)
) ENGINE=InnoDB  DEFAULT CHARSET=latin1 AUTO_INCREMENT=12 ;

--
-- Dumping data for table `menu`
--

INSERT INTO `menu` (`id`, `posisi`, `nama_menu`, `icon`, `link`, `parent`, `rules`, `aktif`) VALUES
(1, 1, 'Beranda', 'fa fa-home', 'protected', 0, 'registered_user', 'ya'),
(3, 2, 'Menu Management', 'fa fa-external-link-square', 'protected/menu', 0, 'super_admin', 'ya'),
(4, 5, 'Menu Example', 'fa fa-star', '#', 0, 'registered_user', 'ya'),
(5, 4, 'Sub Menu', 'fa', '#', 4, 'registered_user', 'ya'),
(7, 3, 'User Management', 'fa fa-user', 'protected/user', 0, 'super_admin', 'ya'),
(9, 4, 'Master Data', 'fa fa-cogs', '#', 0, 'admin', 'ya'),
(10, 4, 'Master Provinsi', '', 'protected/provinsi', 9, 'admin', 'ya'),
(11, 5, 'Master Kota', '', 'protected/kota', 9, 'admin', 'ya');

-- --------------------------------------------------------

--
-- Table structure for table `provinsi`
--

CREATE TABLE IF NOT EXISTS `provinsi` (
  `provinsiID` int(11) NOT NULL AUTO_INCREMENT,
  `status` varchar(10) COLLATE utf8_unicode_ci NOT NULL,
  `nama_provinsi` varchar(255) COLLATE utf8_unicode_ci NOT NULL,
  PRIMARY KEY (`provinsiID`)
) ENGINE=InnoDB  DEFAULT CHARSET=utf8 COLLATE=utf8_unicode_ci AUTO_INCREMENT=35 ;

--
-- Dumping data for table `provinsi`
--

INSERT INTO `provinsi` (`provinsiID`, `status`, `nama_provinsi`) VALUES
(1, 'Active', 'NANGGROE ACEH DARUSSALAM'),
(2, 'Active', 'SUMATERA UTARA'),
(3, 'Active', 'SUMATERA SELATAN'),
(4, 'Active', 'SUMATERA BARAT'),
(5, 'Active', 'BENGKULU'),
(6, 'Active', 'JAMBI'),
(7, 'Active', 'RIAU'),
(8, 'Active', 'LAMPUNG'),
(9, 'Active', 'KEP. BANGKA BELITUNG'),
(10, 'Active', 'KEPULAUAN RIAU'),
(11, 'Active', 'DKI JAKARTA'),
(12, 'Active', 'JAWA BARAT'),
(13, 'Active', 'JAWA TENGAH'),
(14, 'Active', 'DI YOGYAKARTA'),
(15, 'Active', 'JAWA TIMUR'),
(16, 'Active', 'BANTEN'),
(17, 'Active', 'BALI'),
(18, 'Active', 'NUSA TENGGARA BARAT'),
(19, 'Active', 'NUSA TENGGARA TIMUR'),
(20, 'Active', 'KALIMANTAN BARAT'),
(21, 'Active', 'KALIMANTAN SELATAN'),
(22, 'Active', 'KALIMANTAN TENGAH'),
(23, 'Active', 'KALIMANTAN TIMUR'),
(24, 'Active', 'KALIMANTAN UTARA'),
(25, 'Active', 'SULAWESI BARAT'),
(26, 'Active', 'SULAWESI UTARA'),
(27, 'Active', 'SULAWESI TENGAH'),
(28, 'Active', 'SULAWESI SELATAN'),
(29, 'Active', 'SULAWESI TENGGARA'),
(30, 'Active', 'GORONTALO'),
(31, 'Active', 'MALUKU'),
(32, 'Active', 'MALUKU UTARA'),
(33, 'Active', 'PAPUA'),
(34, 'Active', 'PAPUA BARAT');

-- --------------------------------------------------------

--
-- Table structure for table `user`
--

CREATE TABLE IF NOT EXISTS `user` (
  `id` int(11) NOT NULL AUTO_INCREMENT,
  `user_fullname` varchar(50) NOT NULL,
  `user_email` varchar(100) NOT NULL,
  `user_picture` varchar(100) DEFAULT NULL,
  `user_username` varchar(50) NOT NULL,
  `user_password` varchar(100) NOT NULL,
  `user_last_login` timestamp NOT NULL DEFAULT CURRENT_TIMESTAMP ON UPDATE CURRENT_TIMESTAMP,
  `user_token` varchar(100) DEFAULT NULL,
  `user_rules` enum('super_admin','admin','registered_user') NOT NULL DEFAULT 'registered_user',
  `status` enum('aktif','blokir','belum aktif') NOT NULL,
  PRIMARY KEY (`id`),
  UNIQUE KEY `user_username` (`user_username`)
) ENGINE=InnoDB  DEFAULT CHARSET=latin1 AUTO_INCREMENT=13 ;

--
-- Dumping data for table `user`
--

INSERT INTO `user` (`id`, `user_fullname`, `user_email`, `user_picture`, `user_username`, `user_password`, `user_last_login`, `user_token`, `user_rules`, `status`) VALUES
(1, 'Raessa Fathul Alim', 'raessafathulalim@gmail.com', 'nopic.png', 'root', '83353d597cbad458989f2b1a5c1fa1f9f665c858', '2015-07-19 17:22:48', '0b1cb252b527bc017e467ad8ce11f423', 'super_admin', 'aktif'),
(2, 'Administrator', 'admin@localhost', 'nopic.png', 'admin', '90b9aa7e25f80cf4f64e990b78a9fc5ebd6cecad', '2015-07-19 16:33:51', '7d561069d2ce5e5129db5a45b523a511', 'admin', 'aktif'),
(12, 'Ria Hutami Putri', 'riahp@gmail.com', 'nopic.png', 'user', '60bddb16409a2baf76936619afecf778dabe68de', '2015-07-19 16:36:20', 'afc789342c6165995e3d31a3060426aa', 'registered_user', 'aktif');

--
-- Constraints for dumped tables
--

--
-- Constraints for table `kota`
--
ALTER TABLE `kota`
  ADD CONSTRAINT `FK-Kota_provinsiID-to-Provinsi_id` FOREIGN KEY (`provinsiID`) REFERENCES `provinsi` (`provinsiID`) ON DELETE CASCADE;

/*!40101 SET CHARACTER_SET_CLIENT=@OLD_CHARACTER_SET_CLIENT */;
/*!40101 SET CHARACTER_SET_RESULTS=@OLD_CHARACTER_SET_RESULTS */;
/*!40101 SET COLLATION_CONNECTION=@OLD_COLLATION_CONNECTION */;
